Date,AEP Adjusted,DFSVX Adjusted,DFLVX Adjusted,FSAGX Adjusted,GS1 (rf in percent),GS1 (rf),AEP Annual,DFSVX Annual,DFLVX Annual,FSAGX Annual,AEP Excess,DFSVX Excess,DFLVX Excess,FSAGX Excess,AEP Annual RoR,DFSVX Annual ROR,DFLVX Annual RoR,FSAGX Annual RoR,AEP excess return,DFSVX excess return,DFLVX excess return,FSAGX excess return
01-01-1995,9.232222,1.989308,2.739182,7.7144,7.05,7.05%,,,,,,,,,,,,,,,,
01-02-1995,8.935465,2.059477,2.894485,7.978323,6.7,6.70%,,,,,,,,,,,,,,,,
01-03-1995,8.517897,2.084037,2.926617,9.202764,6.43,6.43%,,,,,,,,,,,,,,,,
01-04-1995,8.786177,2.157715,3.044921,9.168153,6.27,6.27%,,,,,,,,,,,,,,,,
01-05-1995,9.188595,2.21736,3.203623,9.358523,6,6.00%,,,,,,,,,,,,,,,,
01-06-1995,9.59989,2.305071,3.257421,9.488323,5.64,5.64%,,,,,,,,,,,,,,,,
01-07-1995,9.429071,2.429623,3.417111,9.743594,5.59,5.59%,,,,,,,,,,,,,,,,
01-08-1995,9.32659,2.50681,3.517138,9.765227,5.75,5.75%,,,,,,,,,,,,,,,,
01-09-1995,10.114293,2.538385,3.614459,9.760903,5.62,5.62%,,,,,,,,,,,,,,,,
01-10-1995,10.600893,2.413834,3.489421,8.584057,5.59,5.59%,,,,,,,,,,,,,,,,
01-11-1995,10.49662,2.461198,3.617349,9.380157,5.43,5.43%,,,,,,,,,,,,,,,,
01-12-1995,11.441336,2.535784,3.694784,9.579183,5.31,5.31%,,,,,,,,,,,,,,,,
01-01-1996,12.500722,2.53796,3.810657,11.279553,5.09,5.09%,35.40%,27.58%,39.12%,46.21%,28.35%,20.53%,32.07%,39.16%,0.354,0.276,0.391,0.462,0.303,0.225,0.34,0.411
01-02-1996,12.112274,2.593521,3.866206,11.729525,4.94,4.94%,35.55%,25.93%,33.57%,47.02%,28.50%,18.88%,26.52%,39.97%,0.356,0.259,0.336,0.47,0.305,0.208,0.285,0.419
01-03-1996,11.957523,2.665216,3.985639,12.010754,5.34,5.34%,40.38%,27.89%,36.19%,30.51%,33.33%,20.84%,29.14%,23.46%,0.404,0.279,0.362,0.305,0.353,0.228,0.311,0.254
01-04-1996,11.63531,2.803226,4.065934,12.296314,5.54,5.54%,32.43%,29.92%,33.53%,34.12%,25.38%,22.87%,26.48%,27.07%,0.324,0.299,0.335,0.341,0.273,0.248,0.284,0.29
01-05-1996,11.492106,2.91256,4.132817,13.63757,5.64,5.64%,25.07%,31.35%,29.00%,45.72%,18.02%,24.30%,21.95%,38.67%,0.251,0.314,0.29,0.457,0.2,0.263,0.239,0.406
01-06-1996,12.395822,2.85162,3.990692,11.712217,5.81,5.81%,29.12%,23.71%,22.51%,23.44%,22.07%,16.66%,15.46%,16.39%,0.291,0.237,0.225,0.234,0.24,0.186,0.174,0.183
01-07-1996,12.068673,2.674178,3.832521,11.495884,5.85,5.85%,27.99%,10.07%,12.16%,17.98%,20.94%,3.02%,5.11%,10.93%,0.28,0.101,0.122,0.18,0.229,0.05,0.071,0.129
01-08-1996,12.068673,2.796057,3.986604,12.668402,5.67,5.67%,29.40%,11.54%,13.35%,29.73%,22.35%,4.49%,6.30%,22.68%,0.294,0.115,0.133,0.297,0.243,0.064,0.083,0.246
01-09-1996,11.982875,2.889259,4.045439,12.434767,5.83,5.83%,18.47%,13.82%,11.92%,27.39%,11.42%,6.77%,4.87%,20.34%,0.185,0.138,0.119,0.274,0.134,0.087,0.068,0.223
01-10-1996,12.27784,2.910767,4.19625,12.092961,5.55,5.55%,15.82%,20.59%,20.26%,40.88%,8.77%,13.54%,13.21%,33.83%,0.158,0.206,0.203,0.409,0.107,0.155,0.152,0.358
01-11-1996,12.240973,3.048778,4.500204,11.573764,5.42,5.42%,16.62%,23.87%,24.41%,23.39%,9.57%,16.82%,17.36%,16.34%,0.166,0.239,0.244,0.234,0.115,0.188,0.193,0.183
01-12-1996,12.304587,3.030853,4.328528,11.266572,5.47,5.47%,7.55%,19.52%,17.15%,17.62%,0.50%,12.47%,10.10%,10.57%,0.075,0.195,0.172,0.176,0.025,0.144,0.121,0.125
01-01-1997,12.379379,3.194958,4.613947,10.996578,5.61,5.61%,-0.97%,25.89%,21.08%,-2.51%,-8.02%,18.84%,14.03%,-9.56%,-0.01,0.259,0.211,-0.025,-0.061,0.208,0.16,-0.076
01-02-1997,12.491587,3.194958,4.703736,12.434555,5.53,5.53%,3.13%,23.19%,21.66%,6.01%,-3.92%,16.14%,14.61%,-1.04%,0.031,0.232,0.217,0.06,-0.02,0.181,0.166,0.009
01-03-1997,12.524715,3.110201,4.474919,10.467257,5.8,5.80%,4.74%,16.70%,12.28%,-12.85%,-2.31%,9.65%,5.23%,-19.90%,0.047,0.167,0.123,-0.129,-0.003,0.116,0.072,-0.179
01-04-1997,12.296994,3.097305,4.636748,9.302757,5.99,5.99%,5.69%,10.49%,14.04%,-24.35%,-1.36%,3.44%,6.99%,-31.40%,0.057,0.105,0.14,-0.243,0.006,0.054,0.089,-0.294
01-05-1997,12.334947,3.390269,4.994091,10.398696,5.87,5.87%,7.33%,16.40%,20.84%,-23.75%,0.28%,9.35%,13.79%,-30.80%,0.073,0.164,0.208,-0.237,0.022,0.113,0.157,-0.288
01-06-1997,12.916891,3.602159,5.124825,9.508046,5.69,5.69%,4.20%,26.32%,28.42%,-18.82%,-2.85%,19.27%,21.37%,-25.87%,0.042,0.263,0.284,-0.188,-0.009,0.212,0.233,-0.239
01-07-1997,13.783157,3.817736,5.663959,9.358829,5.54,5.54%,14.21%,42.76%,47.79%,-18.59%,7.16%,35.71%,40.74%,-25.64%,0.142,0.428,0.478,-0.186,0.091,0.377,0.427,-0.237
01-08-1997,13.455894,3.952244,5.579336,9.447423,5.56,5.56%,11.49%,41.35%,39.95%,-25.43%,4.44%,34.30%,32.90%,-32.48%,0.115,0.414,0.4,-0.254,0.064,0.363,0.349,-0.305
01-09-1997,14.206525,4.256262,5.853633,10.254139,5.52,5.52%,18.56%,47.31%,44.70%,-17.54%,11.51%,40.26%,37.65%,-24.59%,0.186,0.473,0.447,-0.175,0.135,0.422,0.396,-0.226
01-10-1997,14.752926,4.105171,5.571409,8.682679,5.46,5.46%,20.16%,41.03%,32.77%,-28.20%,13.11%,33.98%,25.72%,-35.25%,0.202,0.41,0.328,-0.282,0.151,0.359,0.277,-0.333
01-11-1997,15.474959,4.070166,5.629963,6.63558,5.46,5.46%,26.42%,33.50%,25.10%,-42.67%,19.37%,26.45%,18.05%,-49.72%,0.264,0.335,0.251,-0.427,0.213,0.284,0.2,-0.478
01-12-1997,16.324053,3.882225,5.422099,6.961998,5.53,5.53%,32.67%,28.09%,25.26%,-38.21%,25.62%,21.04%,18.21%,-45.26%,0.327,0.281,0.253,-0.382,0.276,0.23,0.202,-0.433
01-01-1998,15.592827,4.024189,5.78352,7.349035,5.24,5.24%,25.96%,25.95%,25.35%,-33.17%,18.91%,18.90%,18.30%,-40.22%,0.26,0.26,0.253,-0.332,0.209,0.209,0.203,-0.383
01-02-1998,15.177809,4.327793,6.289112,7.078575,5.31,5.31%,21.50%,35.46%,33.70%,-43.07%,14.45%,28.41%,26.65%,-50.12%,0.215,0.355,0.337,-0.431,0.164,0.304,0.286,-0.482
01-03-1998,16.084229,4.503765,6.62515,7.535559,5.39,5.39%,28.42%,44.81%,48.05%,-28.01%,21.37%,37.76%,41.00%,-35.06%,0.284,0.448,0.481,-0.28,0.233,0.397,0.43,-0.331
01-04-1998,15.284019,4.590786,6.676909,7.973889,5.38,5.38%,24.29%,48.22%,44.00%,-14.28%,17.24%,41.17%,36.95%,-21.33%,0.243,0.482,0.44,-0.143,0.192,0.431,0.389,-0.194
01-05-1998,14.523814,4.414813,6.618206,6.850083,5.44,5.44%,17.75%,30.22%,32.52%,-34.13%,10.70%,23.17%,25.47%,-41.18%,0.177,0.302,0.325,-0.341,0.127,0.251,0.274,-0.392
01-06-1998,14.710365,4.327793,6.581129,6.015389,5.41,5.41%,13.88%,20.14%,28.42%,-36.73%,6.83%,13.09%,21.37%,-43.78%,0.139,0.201,0.284,-0.367,0.088,0.151,0.233,-0.418
01-07-1998,13.920147,4.008718,6.372905,5.572395,5.36,5.36%,0.99%,5.00%,12.52%,-40.46%,-6.06%,-2.05%,5.47%,-47.51%,0.01,0.05,0.125,-0.405,-0.041,-0.001,0.074,-0.455
01-08-1998,14.669851,3.270016,5.210533,4.112847,5.21,5.21%,9.02%,-17.26%,-6.61%,-56.47%,1.97%,-24.31%,-13.66%,-63.52%,0.09,-0.173,-0.066,-0.565,0.039,-0.224,-0.117,-0.616
01-09-1998,16.044205,3.362838,5.452304,6.37911,4.71,4.71%,12.94%,-20.99%,-6.86%,-37.79%,5.89%,-28.04%,-13.91%,-44.84%,0.129,-0.21,-0.069,-0.378,0.078,-0.261,-0.119,-0.429
01-10-1998,16.085289,3.505937,5.922893,6.187922,4.12,4.12%,9.03%,-14.60%,6.31%,-28.73%,1.98%,-21.65%,-0.74%,-35.78%,0.09,-0.146,0.063,-0.287,0.039,-0.197,0.012,-0.338
01-11-1998,15.243013,3.691579,6.290156,6.057356,4.53,4.53%,-1.50%,-9.30%,11.73%,-8.71%,-8.55%,-16.35%,4.68%,-15.76%,-0.015,-0.093,0.117,-0.087,-0.066,-0.144,0.066,-0.138
01-12-1998,15.655457,3.467261,6.150102,6.360459,4.52,4.52%,-4.10%,-10.69%,13.43%,-8.64%,-11.15%,-17.74%,6.38%,-15.69%,-0.041,-0.107,0.134,-0.086,-0.092,-0.158,0.083,-0.137
01-01-1999,14.574344,3.837786,6.518104,6.183261,4.51,4.51%,-6.53%,-4.63%,12.70%,-15.86%,-13.58%,-11.68%,5.65%,-22.91%,-0.065,-0.046,0.127,-0.159,-0.116,-0.097,0.076,-0.21
01-02-1999,13.846662,3.52166,6.34981,5.964097,4.7,4.70%,-8.77%,-18.63%,0.97%,-15.74%,-15.82%,-25.68%,-6.08%,-22.79%,-0.088,-0.186,0.01,-0.157,-0.139,-0.237,-0.041,-0.208
01-03-1999,13.390085,3.45422,6.537524,5.973421,4.78,4.78%,-16.75%,-23.30%,-1.32%,-20.73%,-23.80%,-30.35%,-8.37%,-27.78%,-0.168,-0.233,-0.013,-0.207,-0.218,-0.284,-0.064,-0.258
01-04-1999,13.980505,3.823036,7.252872,6.906039,4.69,4.69%,-8.53%,-16.72%,8.63%,-13.39%,-15.58%,-23.77%,1.58%,-20.44%,-0.085,-0.167,0.086,-0.134,-0.136,-0.218,0.035,-0.185
01-05-1999,14.634199,4.002174,7.243134,5.842853,4.85,4.85%,0.76%,-9.35%,9.44%,-14.70%,-6.29%,-16.40%,2.39%,-21.75%,0.008,-0.093,0.094,-0.147,-0.043,-0.144,0.044,-0.198
01-06-1999,12.857358,4.246644,7.330756,6.122638,5.1,5.10%,-12.60%,-1.88%,11.39%,1.78%,-19.65%,-8.93%,4.34%,-5.27%,-0.126,-0.019,0.114,0.018,-0.177,-0.07,0.063,-0.033
01-07-1999,12.108588,4.22768,7.058483,5.75892,5.03,5.03%,-13.01%,5.46%,10.76%,3.35%,-20.06%,-1.59%,3.71%,-3.70%,-0.13,0.055,0.108,0.033,-0.181,0.004,0.057,-0.017
01-08-1999,12.429488,4.111763,6.804186,6.010726,5.2,5.20%,-15.27%,25.74%,30.59%,46.15%,-22.32%,18.69%,23.54%,39.10%,-0.153,0.257,0.306,0.461,-0.204,0.207,0.255,0.411
01-09-1999,11.874935,4.002174,6.412952,7.5682,5.25,5.25%,-25.99%,19.01%,17.62%,18.64%,-33.04%,11.96%,10.57%,11.59%,-0.26,0.19,0.176,0.186,-0.311,0.139,0.125,0.136
01-10-1999,12.005425,3.865188,6.683014,6.929354,5.43,5.43%,-25.36%,10.25%,12.83%,11.98%,-32.41%,3.20%,5.78%,4.93%,-0.254,0.102,0.128,0.12,-0.305,0.052,0.077,0.069
01-11-1999,10.917973,4.040108,6.578288,6.654233,5.55,5.55%,-28.37%,9.44%,4.58%,9.85%,-35.42%,2.39%,-2.47%,2.80%,-0.284,0.094,0.046,0.099,-0.335,0.044,-0.005,0.048
01-12-1999,11.372888,3.913659,6.038279,6.892053,5.84,5.84%,-27.36%,12.87%,-1.82%,8.36%,-34.41%,5.82%,-8.87%,1.31%,-0.274,0.129,-0.018,0.084,-0.324,0.078,-0.069,0.033
01-01-2000,11.859662,4.239674,6.221508,6.071346,6.12,6.12%,-18.63%,10.47%,-4.55%,-1.81%,-25.68%,3.42%,-11.60%,-8.86%,-0.186,0.105,-0.046,-0.018,-0.237,0.054,-0.096,-0.069
01-02-2000,9.956812,4.633047,5.66284,6.271859,6.22,6.22%,-28.09%,31.56%,-10.82%,5.16%,-35.14%,24.51%,-17.87%,-1.89%,-0.281,0.316,-0.108,0.052,-0.332,0.265,-0.159,0.001
01-03-2000,10.745608,4.646848,6.439165,5.819538,6.22,6.22%,-19.75%,34.53%,-1.50%,-2.58%,-26.80%,27.48%,-8.55%,-9.63%,-0.197,0.345,-0.015,-0.026,-0.248,0.294,-0.066,-0.077
01-04-2000,13.201097,4.483518,6.656791,5.418514,6.15,6.15%,-5.57%,17.28%,-8.22%,-21.54%,-12.62%,10.23%,-15.27%,-28.59%,-0.056,0.173,-0.082,-0.215,-0.107,0.122,-0.133,-0.266
01-05-2000,12.818134,4.297185,6.642224,5.534308,6.33,6.33%,-12.41%,7.37%,-8.30%,-5.28%,-19.46%,0.32%,-15.35%,-12.33%,-0.124,0.074,-0.083,-0.053,-0.175,0.023,-0.134,-0.104
01-06-2000,10.866325,4.511124,6.150613,5.940971,6.17,6.17%,-15.49%,6.23%,-16.10%,-2.97%,-22.54%,-0.82%,-23.15%,-10.02%,-0.155,0.062,-0.161,-0.03,-0.206,0.011,-0.212,-0.081
01-07-2000,12.035482,4.506523,6.450572,5.571705,6.08,6.08%,-0.60%,6.60%,-8.61%,-3.25%,-7.65%,-0.45%,-15.66%,-10.30%,-0.006,0.066,-0.086,-0.033,-0.057,0.015,-0.137,-0.083
01-08-2000,12.889435,4.840083,6.827435,5.828787,6.18,6.18%,3.70%,17.71%,0.34%,-3.03%,-3.35%,10.66%,-6.71%,-10.08%,0.037,0.177,0.003,-0.03,-0.014,0.126,-0.047,-0.081
01-09-2000,14.606568,4.750367,6.681081,5.487567,6.13,6.13%,23.00%,18.69%,4.18%,-27.49%,15.95%,11.64%,-2.87%,-34.54%,0.23,0.187,0.042,-0.275,0.179,0.136,-0.009,-0.326
01-10-2000,15.487034,4.570936,6.981902,4.884589,6.01,6.01%,29.00%,18.26%,4.47%,-29.51%,21.95%,11.21%,-2.58%,-36.56%,0.29,0.183,0.045,-0.295,0.239,0.132,-0.006,-0.346
01-11-2000,17.166351,4.32249,6.75383,5.085582,6.09,6.09%,57.23%,6.99%,2.67%,-23.57%,50.18%,-0.06%,-4.38%,-30.62%,0.572,0.07,0.027,-0.236,0.521,0.019,-0.024,-0.287
01-12-2000,17.611067,4.237375,6.213081,5.627795,5.6,5.60%,54.85%,8.27%,2.89%,-18.34%,47.80%,1.22%,-4.16%,-25.39%,0.549,0.083,0.029,-0.183,0.498,0.032,-0.022,-0.234
01-01-2001,16.380184,5.14139,7.764495,5.595892,4.81,4.81%,38.12%,21.27%,24.80%,-7.83%,31.07%,14.22%,17.75%,-14.88%,0.381,0.213,0.248,-0.078,0.33,0.162,0.197,-0.129
01-02-2001,18.004944,5.042712,7.760121,5.80697,4.68,4.68%,80.83%,8.84%,37.04%,-7.41%,73.78%,1.79%,29.99%,-14.46%,0.808,0.088,0.37,-0.074,0.757,0.038,0.319,-0.125
01-03-2001,18.043659,4.918731,7.501592,5.286313,4.3,4.30%,67.92%,5.85%,16.50%,-9.16%,60.87%,-1.20%,9.45%,-16.21%,0.679,0.059,0.165,-0.092,0.628,0.008,0.114,-0.143
01-04-2001,18.942009,5.21983,7.968279,6.069645,3.98,3.98%,43.49%,16.42%,19.70%,12.02%,36.44%,9.37%,12.65%,4.97%,0.435,0.164,0.197,0.12,0.384,0.113,0.146,0.069
01-05-2001,19.272167,5.541162,8.196697,6.397655,3.78,3.78%,50.35%,28.95%,23.40%,15.60%,43.30%,21.90%,16.35%,8.55%,0.504,0.289,0.234,0.156,0.453,0.239,0.183,0.105
01-06-2001,17.947506,5.576586,8.007815,6.567381,3.58,3.58%,65.17%,23.62%,30.20%,10.54%,58.12%,16.57%,23.15%,3.49%,0.652,0.236,0.302,0.105,0.601,0.185,0.251,0.055
01-07-2001,17.492699,5.655021,8.08674,6.194931,3.62,3.62%,45.34%,25.49%,25.36%,11.19%,38.29%,18.44%,18.31%,4.14%,0.453,0.255,0.254,0.112,0.403,0.204,0.203,0.061
01-08-2001,17.792017,5.579117,7.72958,6.543809,3.47,3.47%,38.04%,15.27%,13.21%,12.27%,30.99%,8.22%,6.16%,5.22%,0.38,0.153,0.132,0.123,0.329,0.102,0.081,0.072
01-09-2001,17.028959,4.766918,6.843306,6.652243,2.82,2.82%,16.58%,0.35%,2.43%,21.22%,9.53%,-6.70%,-4.62%,14.17%,0.166,0.003,0.024,0.212,0.115,-0.047,-0.027,0.161
01-10-2001,16.505056,4.954154,6.86377,6.524949,2.33,2.33%,6.57%,8.38%,-1.69%,33.58%,-0.48%,1.33%,-8.74%,26.53%,0.066,0.084,-0.017,0.336,0.015,0.033,-0.068,0.285
01-11-2001,16.249006,5.341275,7.509879,6.675814,2.18,2.18%,-5.34%,23.57%,11.19%,31.27%,-12.39%,16.52%,4.14%,24.22%,-0.053,0.236,0.112,0.313,-0.104,0.185,0.061,0.262
01-12-2001,17.383924,4.759327,6.819519,6.98226,2.22,2.22%,-1.29%,12.32%,9.76%,24.07%,-8.34%,5.27%,2.71%,17.02%,-0.013,0.123,0.098,0.241,-0.064,0.072,0.047,0.19
01-01-2002,16.669073,5.821628,7.769437,7.95126,2.16,2.16%,1.76%,13.23%,0.06%,42.09%,-5.29%,6.18%,-6.99%,35.04%,0.018,0.132,0.001,0.421,-0.033,0.081,-0.05,0.37
01-02-2002,17.511709,5.812485,7.869238,8.69967,2.23,2.23%,-2.74%,15.27%,1.41%,49.81%,-9.79%,8.22%,-5.64%,42.76%,-0.027,0.153,0.014,0.498,-0.078,0.102,-0.037,0.447
01-03-2002,18.676954,6.385504,8.183606,9.581554,2.57,2.57%,3.51%,29.82%,9.09%,81.25%,-3.54%,22.77%,2.04%,74.20%,0.035,0.298,0.091,0.813,-0.016,0.247,0.04,0.762
01-04-2002,18.559437,6.675058,8.121547,9.920005,2.48,2.48%,-2.02%,27.88%,1.92%,63.44%,-9.07%,20.83%,-5.13%,56.39%,-0.02,0.279,0.019,0.634,-0.071,0.228,-0.032,0.583
01-05-2002,17.315392,6.46475,8.171523,11.653627,2.35,2.35%,-10.15%,16.67%,-0.31%,82.15%,-17.20%,9.62%,-7.36%,75.10%,-0.102,0.167,-0.003,0.822,-0.152,0.116,-0.054,0.771
01-06-2002,16.429855,6.330642,7.651749,10.384946,2.2,2.20%,-8.46%,13.52%,-4.45%,58.13%,-15.51%,6.47%,-11.50%,51.08%,-0.085,0.135,-0.044,0.581,-0.135,0.084,-0.095,0.53
01-07-2002,13.510916,5.343098,6.822285,8.626087,1.96,1.96%,-22.76%,-5.52%,-15.64%,39.24%,-29.81%,-12.57%,-22.69%,32.19%,-0.228,-0.055,-0.156,0.392,-0.279,-0.106,-0.207,0.342
01-08-2002,13.999454,5.276041,6.932567,10.18311,1.76,1.76%,-21.32%,-5.43%,-10.31%,55.61%,-28.37%,-12.48%,-17.36%,48.56%,-0.213,-0.054,-0.103,0.556,-0.264,-0.105,-0.154,0.505
01-09-2002,11.926766,4.891994,6.140562,10.42339,1.72,1.72%,-29.96%,2.62%,-10.27%,56.69%,-37.01%,-4.43%,-17.32%,49.64%,-0.3,0.026,-0.103,0.567,-0.351,-0.025,-0.154,0.516
01-10-2002,10.726142,4.971243,6.402213,9.332513,1.65,1.65%,-35.01%,0.34%,-6.72%,43.03%,-42.06%,-6.71%,-13.77%,35.98%,-0.35,0.003,-0.067,0.43,-0.401,-0.047,-0.118,0.379
01-11-2002,11.889119,5.431487,6.839753,9.183537,1.49,1.49%,-26.83%,1.69%,-8.92%,37.56%,-33.88%,-5.36%,-15.97%,30.51%,-0.268,0.017,-0.089,0.376,-0.319,-0.034,-0.14,0.325
01-12-2002,11.683126,4.684732,6.507827,11.495042,1.45,1.45%,-32.79%,-1.57%,-4.57%,64.63%,-39.84%,-8.62%,-11.62%,57.58%,-0.328,-0.016,-0.046,0.646,-0.379,-0.067,-0.097,0.595
01-01-2003,10.097162,5.031968,6.391883,11.613899,1.36,1.36%,-39.43%,-13.56%,-17.73%,46.06%,-46.48%,-20.61%,-24.78%,39.01%,-0.394,-0.136,-0.177,0.461,-0.445,-0.187,-0.228,0.41
01-02-2003,9.31059,4.825131,6.204783,11.022294,1.3,1.30%,-46.83%,-16.99%,-21.15%,26.70%,-53.88%,-24.04%,-28.20%,19.65%,-0.468,-0.17,-0.212,0.267,-0.519,-0.221,-0.262,0.216
01-03-2003,10.033678,4.814958,6.159271,9.921519,1.24,1.24%,-46.28%,-24.60%,-24.74%,3.55%,-53.33%,-31.65%,-31.79%,-3.50%,-0.463,-0.246,-0.247,0.035,-0.514,-0.297,-0.298,-0.015
01-04-2003,11.58373,5.323581,6.743073,9.635415,1.27,1.27%,-37.59%,-20.25%,-16.97%,-2.87%,-44.64%,-27.30%,-24.02%,-9.92%,-0.376,-0.202,-0.17,-0.029,-0.427,-0.253,-0.221,-0.08
01-05-2003,12.751763,5.947487,7.194302,11.010712,1.18,1.18%,-26.36%,-8.00%,-11.96%,-5.52%,-33.41%,-15.05%,-19.01%,-12.57%,-0.264,-0.08,-0.12,-0.055,-0.314,-0.131,-0.17,-0.106
01-06-2003,13.279163,6.164504,7.250071,11.170144,1.01,1.01%,-19.18%,-2.62%,-5.25%,7.56%,-26.23%,-9.67%,-12.30%,0.51%,-0.192,-0.026,-0.052,0.076,-0.243,-0.077,-0.103,0.025
01-07-2003,12.491224,6.598524,7.454947,11.698259,1.12,1.12%,-7.55%,23.50%,9.27%,35.61%,-14.60%,16.45%,2.22%,28.56%,-0.075,0.235,0.093,0.356,-0.126,0.184,0.042,0.305
01-08-2003,12.602511,6.937608,7.719379,12.983671,1.31,1.31%,-9.98%,31.49%,11.35%,27.50%,-17.03%,24.44%,4.30%,20.45%,-0.1,0.315,0.113,0.275,-0.151,0.264,0.063,0.224
01-09-2003,13.526302,6.883353,7.526138,13.143104,1.24,1.24%,13.41%,40.71%,22.56%,26.09%,6.36%,33.66%,15.51%,19.04%,0.134,0.407,0.226,0.261,0.083,0.356,0.175,0.21
01-10-2003,12.710217,7.571692,8.054567,14.403605,1.25,1.25%,18.50%,52.31%,25.81%,54.34%,11.45%,45.26%,18.76%,47.29%,0.185,0.523,0.258,0.543,0.134,0.472,0.207,0.492
01-11-2003,12.484778,7.887036,8.233103,15.698985,1.34,1.34%,5.01%,45.21%,20.37%,70.95%,-2.04%,38.16%,13.32%,63.90%,0.05,0.452,0.204,0.709,-0.001,0.401,0.153,0.659
01-12-2003,13.93114,7.768358,8.753416,14.861972,1.31,1.31%,19.24%,65.82%,34.51%,29.29%,12.19%,58.77%,27.46%,22.24%,0.192,0.658,0.345,0.293,0.142,0.607,0.294,0.242
01-01-2004,14.908287,8.717039,8.944394,13.93844,1.24,1.24%,47.65%,73.23%,39.93%,20.02%,40.60%,66.18%,32.88%,12.97%,0.476,0.732,0.399,0.2,0.426,0.681,0.348,0.149
01-02-2004,15.753008,8.84038,9.175046,13.97954,1.24,1.24%,69.19%,83.22%,47.87%,26.83%,62.14%,76.17%,40.82%,19.78%,0.692,0.832,0.479,0.268,0.641,0.781,0.428,0.217
01-03-2004,15.191957,8.923815,9.123791,14.873493,1.19,1.19%,51.41%,85.34%,48.13%,49.91%,44.36%,78.29%,41.08%,42.86%,0.514,0.853,0.481,0.499,0.463,0.802,0.43,0.448
01-04-2004,14.047487,8.640861,8.98395,11.456953,1.43,1.43%,21.27%,62.31%,33.23%,18.90%,14.22%,55.26%,26.18%,11.85%,0.213,0.623,0.332,0.189,0.162,0.572,0.281,0.138
01-05-2004,14.66126,8.67351,9.035285,12.407419,1.78,1.78%,14.97%,45.83%,25.59%,12.68%,7.92%,38.78%,18.54%,5.63%,0.15,0.458,0.256,0.127,0.099,0.407,0.205,0.076
01-06-2004,14.936419,9.25029,9.276567,11.909071,2.12,2.12%,12.48%,50.06%,27.95%,6.62%,5.43%,43.01%,20.90%,-0.43%,0.125,0.501,0.28,0.066,0.074,0.45,0.229,0.015
01-07-2004,14.521,8.760527,9.001245,11.729249,2.1,2.10%,16.25%,32.76%,20.74%,0.26%,9.20%,25.71%,13.69%,-6.79%,0.162,0.328,0.207,0.003,0.112,0.277,0.157,-0.048
01-08-2004,15.277157,8.629881,9.001245,12.566683,2.02,2.02%,21.22%,24.39%,16.61%,-3.21%,14.17%,17.34%,9.56%,-10.26%,0.212,0.244,0.166,-0.032,0.161,0.193,0.115,-0.083
01-09-2004,15.082766,9.05448,9.253569,13.712382,2.12,2.12%,11.51%,31.54%,22.95%,4.33%,4.46%,24.49%,15.90%,-2.72%,0.115,0.315,0.23,0.043,0.064,0.265,0.179,-0.008
01-10-2004,15.540532,9.142324,9.387053,14.072021,2.23,2.23%,22.27%,20.74%,16.54%,-2.30%,15.22%,13.69%,9.49%,-9.35%,0.223,0.207,0.165,-0.023,0.172,0.157,0.115,-0.074
01-11-2004,16.125725,10.05692,10.001497,14.575508,2.5,2.50%,29.16%,27.51%,21.48%,-7.16%,22.11%,20.46%,14.43%,-14.21%,0.292,0.275,0.215,-0.072,0.241,0.224,0.164,-0.122
01-12-2004,16.372728,9.755684,10.352603,13.825411,2.67,2.67%,17.53%,25.58%,18.27%,-6.97%,10.48%,18.53%,11.22%,-14.02%,0.175,0.256,0.183,-0.07,0.124,0.205,0.132,-0.121
01-01-2005,16.806601,10.045868,10.141087,13.147243,2.86,2.86%,12.73%,15.24%,13.38%,-5.68%,5.68%,8.19%,6.33%,-12.73%,0.127,0.152,0.134,-0.057,0.076,0.102,0.083,-0.108
01-02-2005,15.924557,10.317165,10.447136,14.097702,3.03,3.03%,1.09%,16.70%,13.86%,0.85%,-5.96%,9.65%,6.81%,-6.20%,0.011,0.167,0.139,0.008,-0.04,0.116,0.088,-0.042
01-03-2005,16.401766,10.11563,10.405642,13.506879,3.3,3.30%,7.96%,13.36%,14.05%,-9.19%,0.91%,6.31%,7.00%,-16.24%,0.08,0.134,0.14,-0.092,0.029,0.083,0.09,-0.143
01-04-2005,16.960365,9.379588,10.061376,11.261724,3.32,3.32%,20.74%,8.55%,11.99%,-1.70%,13.69%,1.50%,4.94%,-8.75%,0.207,0.085,0.12,-0.017,0.156,0.035,0.069,-0.068
01-05-2005,17.186699,10.003605,10.492501,12.164915,3.33,3.33%,17.23%,15.34%,16.13%,-1.95%,10.18%,8.29%,9.08%,-9.00%,0.172,0.153,0.161,-0.02,0.121,0.102,0.11,-0.07
01-06-2005,17.931623,10.406693,10.679498,13.182287,3.36,3.36%,20.05%,12.50%,15.12%,10.69%,13.00%,5.45%,8.07%,3.64%,0.201,0.125,0.151,0.107,0.15,0.074,0.1,0.056
01-07-2005,18.82164,11.162297,11.237008,13.155081,3.64,3.64%,29.62%,27.42%,24.84%,12.16%,22.57%,20.37%,17.79%,5.11%,0.296,0.274,0.248,0.122,0.245,0.223,0.197,0.071
01-08-2005,18.082386,10.976001,11.143278,13.862347,3.87,3.87%,18.36%,27.19%,23.80%,10.31%,11.31%,20.14%,16.75%,3.26%,0.184,0.272,0.238,0.103,0.133,0.221,0.187,0.052
01-09-2005,19.486668,11.026459,11.28387,16.544502,3.85,3.85%,29.20%,21.78%,21.94%,20.65%,22.15%,14.73%,14.89%,13.60%,0.292,0.218,0.219,0.207,0.241,0.167,0.169,0.156
01-10-2005,18.632593,10.564711,11.012323,15.608739,4.18,4.18%,19.90%,15.56%,17.31%,10.92%,12.85%,8.51%,10.26%,3.87%,0.199,0.156,0.173,0.109,0.148,0.105,0.122,0.058
01-11-2005,17.935585,11.191659,11.450931,17.839338,4.33,4.33%,11.22%,11.28%,14.49%,22.39%,4.17%,4.23%,7.44%,15.34%,0.112,0.113,0.145,0.224,0.061,0.062,0.094,0.173
01-12-2005,18.389446,10.327168,11.356944,18.084158,4.35,4.35%,12.32%,5.86%,9.70%,30.80%,5.27%,-1.19%,2.65%,23.75%,0.123,0.059,0.097,0.308,0.072,0.008,0.046,0.257
01-01-2006,18.503489,12.20676,12.007422,22.547825,4.45,4.45%,10.10%,21.51%,18.40%,71.50%,3.05%,14.46%,11.35%,64.45%,0.101,0.215,0.184,0.715,0.05,0.164,0.133,0.664
01-02-2006,18.09692,12.164464,11.965255,21.003689,4.68,4.68%,13.64%,17.91%,14.53%,48.99%,6.59%,10.86%,7.48%,41.94%,0.136,0.179,0.145,0.49,0.086,0.128,0.094,0.439
01-03-2006,17.042431,12.887728,12.155011,22.805174,4.77,4.77%,3.91%,27.40%,16.81%,68.84%,-3.14%,20.35%,9.76%,61.79%,0.039,0.274,0.168,0.688,-0.012,0.223,0.117,0.638
01-04-2006,16.761894,13.032935,12.518773,22.582916,4.9,4.90%,-1.17%,38.95%,24.42%,100.53%,-8.22%,31.90%,17.37%,93.48%,-0.012,0.389,0.244,1.005,-0.063,0.339,0.193,0.954
01-05-2006,17.167675,12.461132,12.286455,22.809347,5,5.00%,-0.11%,24.57%,17.10%,87.50%,-7.16%,17.52%,10.05%,80.45%,-0.001,0.246,0.171,0.875,-0.052,0.195,0.12,0.824
01-06-2006,17.346928,12.439954,12.344538,22.342396,5.16,5.16%,-3.26%,19.54%,15.59%,69.49%,-10.31%,12.49%,8.54%,62.44%,-0.033,0.195,0.156,0.695,-0.084,0.144,0.105,0.644
01-07-2006,18.294039,12.000233,12.212841,22.348875,5.22,5.22%,-2.80%,7.51%,8.68%,69.89%,-9.85%,0.46%,1.63%,62.84%,-0.028,0.075,0.087,0.699,-0.079,0.024,0.036,0.648
01-08-2006,18.476383,12.233698,12.408973,23.198475,5.08,5.08%,2.18%,11.46%,11.36%,67.35%,-4.87%,4.41%,4.31%,60.30%,0.022,0.115,0.114,0.673,-0.029,0.064,0.063,0.623
01-09-2006,18.60899,12.344067,12.711111,21.667906,4.97,4.97%,-4.50%,11.95%,12.65%,30.97%,-11.55%,4.90%,5.60%,23.92%,-0.045,0.119,0.126,0.31,-0.096,0.069,0.076,0.259
01-10-2006,21.197981,13.052295,13.257358,22.478586,5.01,5.01%,13.77%,23.55%,20.39%,44.01%,6.72%,16.50%,13.34%,36.96%,0.138,0.235,0.204,0.44,0.087,0.185,0.153,0.389
01-11-2006,21.238916,13.448205,13.507292,25.079256,5.01,5.01%,18.42%,20.16%,17.96%,40.58%,11.37%,13.11%,10.91%,33.53%,0.184,0.202,0.18,0.406,0.133,0.151,0.129,0.355
01-12-2006,21.994093,12.575499,13.427526,23.671907,4.94,4.94%,19.60%,21.77%,18.23%,30.90%,12.55%,14.72%,11.18%,23.85%,0.196,0.218,0.182,0.309,0.145,0.167,0.131,0.258
01-01-2007,22.484795,13.919937,14.175297,24.046633,5.06,5.06%,21.52%,14.03%,18.05%,6.65%,14.47%,6.98%,11.00%,-0.40%,0.215,0.14,0.181,0.066,0.164,0.089,0.13,0.016
01-02-2007,23.192451,13.887671,13.962503,24.373484,5.05,5.05%,28.16%,14.17%,16.69%,16.04%,21.11%,7.12%,9.64%,8.99%,0.282,0.142,0.167,0.16,0.231,0.091,0.116,0.11
01-03-2007,25.400995,14.030599,14.02798,24.26676,4.92,4.92%,49.05%,8.87%,15.41%,6.41%,42.00%,1.82%,8.36%,-0.64%,0.49,0.089,0.154,0.064,0.44,0.038,0.103,0.013
01-04-2007,26.166948,14.292394,14.650007,23.11945,4.93,4.93%,56.11%,9.66%,17.02%,2.38%,49.06%,2.61%,9.97%,-4.67%,0.561,0.097,0.17,0.024,0.51,0.046,0.119,-0.027
01-05-2007,24.817432,14.813716,15.251313,24.020054,4.91,4.91%,44.56%,18.88%,24.13%,5.31%,37.51%,11.83%,17.08%,-1.74%,0.446,0.189,0.241,0.053,0.395,0.138,0.19,0.002
01-06-2007,23.650473,14.546136,14.961596,23.761169,4.96,4.96%,36.34%,16.93%,21.20%,6.35%,29.29%,9.88%,14.15%,-0.70%,0.363,0.169,0.212,0.064,0.312,0.118,0.161,0.013
01-07-2007,22.836563,13.470269,14.072124,25.090561,4.96,4.96%,24.83%,12.25%,15.22%,12.27%,17.78%,5.20%,8.17%,5.22%,0.248,0.123,0.152,0.123,0.197,0.072,0.101,0.072
01-08-2007,23.356407,13.368497,13.803505,23.831142,4.47,4.47%,26.41%,9.28%,11.24%,2.73%,19.36%,2.23%,4.19%,-4.32%,0.264,0.093,0.112,0.027,0.213,0.042,0.061,-0.024
01-09-2007,24.395864,13.275981,14.115982,29.687475,4.14,4.14%,31.10%,7.55%,11.05%,37.01%,24.05%,0.50%,4.00%,29.96%,0.311,0.075,0.111,0.37,0.26,0.025,0.06,0.319
01-10-2007,25.523537,13.479792,14.237002,33.290825,4.1,4.10%,20.41%,3.28%,7.39%,48.10%,13.36%,-3.77%,0.34%,41.05%,0.204,0.033,0.074,0.481,0.153,-0.018,0.023,0.43
01-11-2007,25.237654,12.304611,13.439637,30.387152,3.5,3.50%,18.83%,-8.50%,-0.50%,21.16%,11.78%,-15.55%,-7.55%,14.11%,0.188,-0.085,-0.005,0.212,0.137,-0.136,-0.056,0.161
01-12-2007,24.863298,11.073684,12.757761,27.903284,3.26,3.26%,13.05%,-11.94%,-4.99%,17.88%,6.00%,-18.99%,-12.04%,10.83%,0.13,-0.119,-0.05,0.179,0.08,-0.17,-0.101,0.128
01-01-2008,22.818045,11.674322,12.88083,32.946911,2.71,2.71%,1.48%,-16.13%,-9.13%,37.01%,-5.57%,-23.18%,-16.18%,29.96%,0.015,-0.161,-0.091,0.37,-0.036,-0.212,-0.142,0.319
01-02-2008,21.851488,11.342956,12.482455,35.307327,2.05,2.05%,-5.78%,-18.32%,-10.60%,44.86%,-12.83%,-25.37%,-17.65%,37.81%,-0.058,-0.183,-0.106,0.449,-0.109,-0.234,-0.157,0.398
01-03-2008,22.442612,11.393938,12.332338,31.850462,1.54,1.54%,-11.65%,-18.79%,-12.09%,31.25%,-18.70%,-25.84%,-19.14%,24.20%,-0.116,-0.188,-0.121,0.313,-0.167,-0.239,-0.172,0.262
01-04-2008,24.059898,11.627362,13.141041,29.490034,1.74,1.74%,-8.05%,-18.65%,-10.30%,27.56%,-15.10%,-25.70%,-17.35%,20.51%,-0.081,-0.186,-0.103,0.276,-0.131,-0.237,-0.154,0.225
01-05-2008,22.819975,12.108416,13.45365,31.754805,2.06,2.06%,-8.05%,-18.26%,-11.79%,32.20%,-15.10%,-25.31%,-18.84%,25.15%,-0.08,-0.183,-0.118,0.322,-0.131,-0.234,-0.169,0.271
01-06-2008,21.890377,10.869946,11.93114,33.268398,2.42,2.42%,-7.44%,-25.27%,-20.25%,40.01%,-14.49%,-32.32%,-27.30%,32.96%,-0.074,-0.253,-0.203,0.4,-0.125,-0.304,-0.253,0.349
01-07-2008,21.493166,11.110467,11.845272,29.576157,2.28,2.28%,-5.88%,-17.52%,-15.82%,17.88%,-12.93%,-24.57%,-22.87%,10.83%,-0.059,-0.175,-0.158,0.179,-0.11,-0.226,-0.209,0.128
01-08-2008,21.242868,11.571692,12.077758,25.914492,2.18,2.18%,-9.05%,-13.44%,-12.50%,8.74%,-16.10%,-20.49%,-19.55%,1.69%,-0.09,-0.134,-0.125,0.087,-0.141,-0.185,-0.176,0.037
01-09-2008,20.357878,10.741486,10.938565,23.712906,1.91,1.91%,-16.55%,-19.09%,-22.51%,-20.12%,-23.60%,-26.14%,-29.56%,-27.17%,-0.166,-0.191,-0.225,-0.201,-0.216,-0.242,-0.276,-0.252
01-10-2008,17.93891,8.388194,8.513164,15.334654,1.42,1.42%,-29.72%,-37.77%,-40.20%,-53.94%,-36.77%,-44.82%,-47.25%,-60.99%,-0.297,-0.378,-0.402,-0.539,-0.348,-0.429,-0.453,-0.59
01-11-2008,17.202221,7.298554,7.678198,19.011604,1.07,1.07%,-31.84%,-40.68%,-42.87%,-37.44%,-38.89%,-47.73%,-49.92%,-44.49%,-0.318,-0.407,-0.429,-0.374,-0.369,-0.458,-0.48,-0.425
01-12-2008,18.53554,7.596664,7.830012,24.140993,0.49,0.49%,-25.45%,-31.40%,-38.63%,-13.48%,-32.50%,-38.45%,-45.68%,-20.53%,-0.255,-0.314,-0.386,-0.135,-0.305,-0.365,-0.437,-0.186
01-01-2009,17.460611,6.586177,6.98878,23.789351,0.44,0.44%,-23.48%,-43.58%,-45.74%,-27.79%,-30.53%,-50.63%,-52.79%,-34.84%,-0.235,-0.436,-0.457,-0.278,-0.286,-0.487,-0.508,-0.329
01-02-2009,15.62265,5.749259,6.007276,23.445353,0.62,0.62%,-28.51%,-49.31%,-51.87%,-33.60%,-35.56%,-56.36%,-58.92%,-40.65%,-0.285,-0.493,-0.519,-0.336,-0.336,-0.544,-0.57,-0.387
01-03-2009,14.242373,6.347058,6.503942,26.07502,0.64,0.64%,-36.54%,-44.29%,-47.26%,-18.13%,-43.59%,-51.34%,-54.31%,-25.18%,-0.365,-0.443,-0.473,-0.181,-0.416,-0.494,-0.524,-0.232
01-04-2009,14.873867,7.594634,7.674867,23.697617,0.55,0.55%,-38.18%,-34.68%,-41.60%,-19.64%,-45.23%,-41.73%,-48.65%,-26.69%,-0.382,-0.347,-0.416,-0.196,-0.433,-0.398,-0.467,-0.247
01-05-2009,14.851309,7.838954,8.263395,31.005659,0.5,0.50%,-34.92%,-35.26%,-38.58%,-2.36%,-41.97%,-42.31%,-45.63%,-9.41%,-0.349,-0.353,-0.386,-0.024,-0.4,-0.404,-0.437,-0.074
01-06-2009,16.543024,7.849351,8.155296,27.420433,0.51,0.51%,-24.43%,-27.79%,-31.65%,-17.58%,-31.48%,-34.84%,-38.70%,-24.63%,-0.244,-0.278,-0.316,-0.176,-0.295,-0.329,-0.367,-0.227
01-07-2009,17.728342,8.924399,8.932848,28.773491,0.48,0.48%,-17.52%,-19.68%,-24.59%,-2.71%,-24.57%,-26.73%,-31.64%,-9.76%,-0.175,-0.197,-0.246,-0.027,-0.226,-0.248,-0.297,-0.078
01-08-2009,17.997478,9.382865,9.539993,28.505939,0.46,0.46%,-15.28%,-18.92%,-21.01%,10.00%,-22.33%,-25.97%,-28.06%,2.95%,-0.153,-0.189,-0.21,0.1,-0.204,-0.24,-0.261,0.049
01-09-2009,17.984848,9.966362,9.930729,31.808315,0.4,0.40%,-11.66%,-7.22%,-9.21%,34.14%,-18.71%,-14.27%,-16.26%,27.09%,-0.117,-0.072,-0.092,0.341,-0.167,-0.123,-0.143,0.29
01-10-2009,17.537989,9.226321,9.527832,30.41703,0.37,0.37%,-2.23%,9.99%,11.92%,98.35%,-9.28%,2.94%,4.87%,91.30%,-0.022,0.1,0.119,0.984,-0.073,0.049,0.068,0.933
01-11-2009,18.681267,9.513177,10.064188,35.951572,0.31,0.31%,8.60%,30.34%,31.07%,89.10%,1.55%,23.29%,24.02%,82.05%,0.086,0.303,0.311,0.891,0.035,0.253,0.26,0.84
01-12-2009,20.457886,10.238139,10.281141,32.740936,0.37,0.37%,10.37%,34.77%,31.30%,35.62%,3.32%,27.72%,24.25%,28.57%,0.104,0.348,0.313,0.356,0.053,0.297,0.262,0.305
01-01-2010,20.375565,9.942304,10.093268,29.665306,0.35,0.35%,16.69%,50.96%,44.42%,24.70%,9.64%,43.91%,37.37%,17.65%,0.167,0.51,0.444,0.247,0.116,0.459,0.393,0.196
01-02-2010,19.769875,10.55422,10.529472,31.764811,0.35,0.35%,26.55%,83.58%,75.28%,35.48%,19.50%,76.53%,68.23%,28.43%,0.265,0.836,0.753,0.355,0.215,0.785,0.702,0.304
01-03-2010,20.347166,11.485164,11.32312,32.386894,0.4,0.40%,42.86%,80.95%,74.10%,24.21%,35.81%,73.90%,67.05%,17.16%,0.429,0.81,0.741,0.242,0.378,0.759,0.69,0.191
01-04-2010,20.418604,12.420736,11.709097,36.103802,0.45,0.45%,37.28%,63.55%,52.56%,52.35%,30.23%,56.50%,45.51%,45.30%,0.373,0.635,0.526,0.524,0.322,0.585,0.475,0.473
01-05-2010,19.025614,11.191217,10.724455,35.553566,0.37,0.37%,28.11%,42.76%,29.78%,14.67%,21.06%,35.71%,22.73%,7.62%,0.281,0.428,0.298,0.147,0.23,0.377,0.247,0.096
01-06-2010,19.473104,10.055879,9.878908,37.020576,0.32,0.32%,17.71%,28.11%,21.13%,35.01%,10.66%,21.06%,14.08%,27.96%,0.177,0.281,0.211,0.35,0.126,0.23,0.16,0.299
01-07-2010,21.69171,10.929622,10.689112,35.012272,0.29,0.29%,22.36%,22.47%,19.66%,21.68%,15.31%,15.42%,12.61%,14.63%,0.224,0.225,0.197,0.217,0.173,0.174,0.146,0.166
01-08-2010,21.348066,10.014023,10.035923,38.715107,0.26,0.26%,18.62%,6.73%,5.20%,35.81%,11.57%,-0.32%,-1.85%,28.76%,0.186,0.067,0.052,0.358,0.135,0.016,0.001,0.307
01-09-2010,22.097332,11.29586,10.939398,41.335331,0.26,0.26%,22.87%,13.34%,10.16%,29.95%,15.82%,6.29%,3.11%,22.90%,0.229,0.133,0.102,0.3,0.178,0.082,0.051,0.249
01-10-2010,22.835331,11.780842,11.425999,42.135529,0.23,0.23%,30.20%,27.69%,19.92%,38.53%,23.15%,20.64%,12.87%,31.48%,0.302,0.277,0.199,0.385,0.251,0.226,0.148,0.334
01-11-2010,21.713085,12.309906,11.339911,43.343658,0.25,0.25%,16.23%,29.40%,12.68%,20.56%,9.18%,22.35%,5.63%,13.51%,0.162,0.294,0.127,0.206,0.111,0.243,0.076,0.155
01-12-2010,22.215919,13.394224,12.373042,41.664825,0.29,0.29%,8.59%,30.83%,20.35%,27.26%,1.54%,23.78%,13.30%,20.21%,0.086,0.308,0.203,0.273,0.035,0.257,0.153,0.222
01-01-2011,22.030685,13.481717,12.844713,39.914654,0.27,0.27%,8.12%,35.60%,27.26%,34.55%,1.07%,28.55%,20.21%,27.50%,0.081,0.356,0.273,0.345,0.03,0.305,0.222,0.295
01-02-2011,22.092428,14.327939,13.537353,43.629612,0.29,0.29%,11.75%,35.76%,28.57%,37.35%,4.70%,28.71%,21.52%,30.30%,0.117,0.358,0.286,0.374,0.067,0.307,0.235,0.323
01-03-2011,21.977781,14.622278,13.56209,44.1894,0.26,0.26%,8.01%,27.31%,19.77%,36.44%,0.96%,20.26%,12.72%,29.39%,0.08,0.273,0.198,0.364,0.029,0.222,0.147,0.314
01-04-2011,22.815863,14.806241,13.940357,44.689812,0.25,0.25%,11.74%,19.21%,19.06%,23.78%,4.69%,12.16%,12.01%,16.73%,0.117,0.192,0.191,0.238,0.067,0.141,0.14,0.187
01-05-2011,23.891605,14.343709,13.741919,43.50811,0.19,0.19%,25.58%,28.17%,28.14%,22.37%,18.53%,21.12%,21.09%,15.32%,0.256,0.282,0.281,0.224,0.205,0.231,0.23,0.173
01-06-2011,23.865843,14.070399,13.444255,41.242798,0.18,0.18%,22.56%,39.92%,36.09%,11.41%,15.51%,32.87%,29.04%,4.36%,0.226,0.399,0.361,0.114,0.175,0.348,0.31,0.063
01-07-2011,23.346468,13.679013,12.875662,43.164352,0.19,0.19%,7.63%,25.16%,20.46%,23.28%,0.58%,18.11%,13.41%,16.23%,0.076,0.252,0.205,0.233,0.025,0.201,0.154,0.182
01-08-2011,24.467558,12.232197,11.786613,46.4874,0.11,0.11%,14.61%,22.15%,17.44%,20.08%,7.56%,15.10%,10.39%,13.03%,0.146,0.222,0.174,0.201,0.095,0.171,0.124,0.15
01-09-2011,24.390795,10.674895,10.548214,40.123375,0.1,0.10%,10.38%,-5.50%,-3.58%,-2.93%,3.33%,-12.55%,-10.63%,-9.98%,0.104,-0.055,-0.036,-0.029,0.053,-0.106,-0.087,-0.08
01-10-2011,25.199116,12.385102,12.057725,42.829403,0.11,0.11%,10.35%,5.13%,5.53%,1.65%,3.30%,-1.92%,-1.52%,-5.40%,0.104,0.051,0.055,0.016,0.053,0,0.004,-0.034
01-11-2011,25.455721,12.300777,11.957713,43.931206,0.11,0.11%,17.24%,-0.07%,5.45%,1.36%,10.19%,-7.12%,-1.60%,-5.69%,0.172,-0.001,0.054,0.014,0.121,-0.052,0.004,-0.037
01-12-2011,26.818434,12.205913,11.96396,37.223415,0.12,0.12%,20.72%,-8.87%,-3.31%,-10.66%,13.67%,-15.92%,-10.36%,-17.71%,0.207,-0.089,-0.033,-0.107,0.156,-0.14,-0.084,-0.157
01-01-2012,25.682325,13.342533,12.648952,41.745224,0.12,0.12%,16.58%,-1.03%,-1.52%,4.59%,9.53%,-8.08%,-8.57%,-2.46%,0.166,-0.01,-0.015,0.046,0.115,-0.061,-0.066,-0.005
01-02-2012,24.416386,13.766192,13.379304,41.013474,0.16,0.16%,10.52%,-3.92%,-1.17%,-6.00%,3.47%,-10.97%,-8.22%,-13.05%,0.105,-0.039,-0.012,-0.06,0.054,-0.09,-0.063,-0.111
01-03-2012,25.34482,14.082599,13.580776,36.382061,0.19,0.19%,15.32%,-3.69%,0.14%,-17.67%,8.27%,-10.74%,-6.91%,-24.72%,0.153,-0.037,0.001,-0.177,0.102,-0.088,-0.05,-0.228
01-04-2012,25.515614,13.857365,13.340677,34.088661,0.18,0.18%,11.83%,-6.41%,-4.30%,-23.72%,4.78%,-13.46%,-11.35%,-30.77%,0.118,-0.064,-0.043,-0.237,0.067,-0.115,-0.094,-0.288
01-05-2012,25.298824,12.870615,12.393183,31.688179,0.19,0.19%,5.89%,-10.27%,-9.81%,-27.17%,-1.16%,-17.32%,-16.86%,-34.22%,0.059,-0.103,-0.098,-0.272,0.008,-0.154,-0.149,-0.323
01-06-2012,26.53574,13.396167,12.993261,32.05405,0.19,0.19%,11.19%,-4.79%,-3.35%,-22.28%,4.14%,-11.84%,-10.40%,-29.33%,0.112,-0.048,-0.034,-0.223,0.061,-0.099,-0.084,-0.274
01-07-2012,28.091982,13.40267,13.185753,31.179525,0.19,0.19%,20.33%,-2.02%,2.41%,-27.77%,13.28%,-9.07%,-4.64%,-34.82%,0.203,-0.02,0.024,-0.278,0.152,-0.071,-0.027,-0.329
01-08-2012,28.590769,13.967386,13.706327,34.240364,0.18,0.18%,16.85%,14.19%,16.29%,-26.34%,9.80%,7.14%,9.24%,-33.39%,0.169,0.142,0.163,-0.263,0.118,0.091,0.112,-0.314
01-09-2012,29.552502,14.408406,14.144374,38.568375,0.18,0.18%,21.16%,34.97%,34.09%,-3.88%,14.11%,27.92%,27.04%,-10.93%,0.212,0.35,0.341,-0.039,0.161,0.299,0.29,-0.09
01-10-2012,29.888783,14.311838,14.24448,37.354752,0.18,0.18%,18.61%,15.56%,18.14%,-12.78%,11.56%,8.51%,11.09%,-19.83%,0.186,0.156,0.181,-0.128,0.135,0.105,0.13,-0.179
01-11-2012,28.684891,14.575773,14.276357,34.151131,0.18,0.18%,12.69%,18.49%,19.39%,-22.26%,5.64%,11.44%,12.34%,-29.31%,0.127,0.185,0.194,-0.223,0.076,0.134,0.143,-0.274
01-12-2012,29.019915,14.117928,14.601544,32.999966,0.16,0.16%,8.21%,15.66%,22.05%,-11.35%,1.16%,8.61%,15.00%,-18.40%,0.082,0.157,0.22,-0.113,0.031,0.106,0.17,-0.164
01-01-2013,30.794565,16.103416,15.729692,30.492397,0.15,0.15%,19.91%,20.69%,24.36%,-26.96%,12.86%,13.64%,17.31%,-34.01%,0.199,0.207,0.244,-0.27,0.148,0.156,0.193,-0.32
01-02-2013,31.814478,16.385939,15.928794,27.413712,0.16,0.16%,30.30%,19.03%,19.06%,-33.16%,23.25%,11.98%,12.01%,-40.21%,0.303,0.19,0.191,-0.332,0.252,0.139,0.14,-0.382
01-03-2013,33.415741,17.187349,16.641739,27.369089,0.15,0.15%,31.84%,22.05%,22.54%,-24.77%,24.79%,15.00%,15.49%,-31.82%,0.318,0.22,0.225,-0.248,0.268,0.17,0.174,-0.299
01-04-2013,35.339745,16.99942,16.862307,22.21117,0.12,0.12%,38.50%,22.67%,26.40%,-34.84%,31.45%,15.62%,19.35%,-41.89%,0.385,0.227,0.264,-0.348,0.334,0.176,0.213,-0.399
01-05-2013,31.484875,17.916279,17.55818,21.408039,0.12,0.12%,24.45%,39.20%,41.68%,-32.44%,17.40%,32.15%,34.63%,-39.49%,0.245,0.392,0.417,-0.324,0.194,0.341,0.366,-0.375
01-06-2013,31.06834,17.766352,17.287563,17.142492,0.14,0.14%,17.08%,32.62%,33.05%,-46.52%,10.03%,25.57%,26.00%,-53.57%,0.171,0.326,0.331,-0.465,0.12,0.275,0.28,-0.516
01-07-2013,32.157604,19.095892,18.397251,19.471586,0.12,0.12%,14.47%,42.48%,39.52%,-37.55%,7.42%,35.43%,32.47%,-44.60%,0.145,0.425,0.395,-0.376,0.094,0.374,0.344,-0.426
01-08-2013,29.694626,18.299026,17.847403,21.051086,0.13,0.13%,3.86%,31.01%,30.21%,-38.52%,-3.19%,23.96%,23.16%,-45.57%,0.039,0.31,0.302,-0.385,-0.012,0.259,0.251,-0.436
01-09-2013,30.401531,19.234474,18.30022,19.05217,0.12,0.12%,2.87%,33.49%,29.38%,-50.60%,-4.18%,26.44%,22.33%,-57.65%,0.029,0.335,0.294,-0.506,-0.022,0.284,0.243,-0.557
01-10-2013,32.849079,19.935091,19.3041,18.918312,0.12,0.12%,9.90%,39.29%,35.52%,-49.36%,2.85%,32.24%,28.47%,-56.41%,0.099,0.393,0.355,-0.494,0.048,0.342,0.304,-0.544
01-11-2013,33.003361,20.946878,20.109524,16.580297,0.12,0.12%,15.05%,43.71%,40.86%,-51.45%,8.00%,36.66%,33.81%,-58.50%,0.151,0.437,0.409,-0.515,0.1,0.386,0.358,-0.565
01-12-2013,33.134708,20.472782,20.538221,16.03595,0.13,0.13%,14.18%,45.01%,40.66%,-51.41%,7.13%,37.96%,33.61%,-58.46%,0.142,0.45,0.407,-0.514,0.091,0.399,0.356,-0.565
01-01-2014,34.602158,20.412783,19.824574,17.918856,0.12,0.12%,12.36%,26.76%,26.03%,-41.24%,5.31%,19.71%,18.98%,-48.29%,0.124,0.268,0.26,-0.412,0.073,0.217,0.209,-0.463
01-02-2014,35.58754,21.524881,20.490396,19.998083,0.12,0.12%,11.86%,31.36%,28.64%,-27.05%,4.81%,24.31%,21.59%,-34.10%,0.119,0.314,0.286,-0.271,0.068,0.263,0.235,-0.321
01-03-2014,36.292095,21.780115,20.901649,18.347198,0.13,0.13%,8.61%,26.72%,25.60%,-32.96%,1.56%,19.67%,18.55%,-40.01%,0.086,0.267,0.256,-0.33,0.035,0.216,0.205,-0.381
01-04-2014,38.548717,21.360802,21.10792,18.855848,0.11,0.11%,9.08%,25.66%,25.18%,-15.11%,2.03%,18.61%,18.13%,-22.16%,0.091,0.257,0.252,-0.151,0.04,0.206,0.201,-0.202
01-05-2014,38.219158,21.537037,21.56636,17.731457,0.1,0.10%,21.39%,20.21%,22.83%,-17.17%,14.34%,13.16%,15.78%,-24.22%,0.214,0.202,0.228,-0.172,0.163,0.151,0.177,-0.223
01-06-2014,40.334408,22.466822,22.064102,20.952925,0.1,0.10%,29.82%,26.46%,27.63%,22.23%,22.77%,19.41%,20.58%,15.18%,0.298,0.265,0.276,0.222,0.247,0.214,0.225,0.171
01-07-2014,37.600613,21.1968,21.989742,20.372881,0.11,0.11%,16.93%,11.00%,19.53%,4.63%,9.88%,3.95%,12.48%,-2.42%,0.169,0.11,0.195,0.046,0.118,0.059,0.144,-0.005
01-08-2014,38.83733,22.431866,22.686785,20.872612,0.11,0.11%,30.79%,22.59%,27.12%,-0.85%,23.74%,15.54%,20.07%,-7.90%,0.308,0.226,0.271,-0.008,0.257,0.175,0.22,-0.059
01-09-2014,38.134766,20.831764,22.022631,16.964022,0.11,0.11%,25.44%,8.30%,20.34%,-10.96%,18.39%,1.25%,13.29%,-18.01%,0.254,0.083,0.203,-0.11,0.203,0.032,0.153,-0.161
01-10-2014,42.612186,21.829363,22.292665,13.929948,0.1,0.10%,29.72%,9.50%,15.48%,-26.37%,22.67%,2.45%,8.43%,-33.42%,0.297,0.095,0.155,-0.264,0.246,0.044,0.104,-0.315
01-11-2014,42.035164,21.768415,22.550268,14.625998,0.13,0.13%,27.37%,3.92%,12.14%,-11.79%,20.32%,-3.13%,5.09%,-18.84%,0.274,0.039,0.121,-0.118,0.223,-0.012,0.07,-0.169
01-12-2014,44.747566,21.311356,22.451189,14.670619,0.21,0.21%,35.05%,4.10%,9.31%,-8.51%,28.00%,-2.95%,2.26%,-15.56%,0.35,0.041,0.093,-0.085,0.3,-0.01,0.042,-0.136
01-01-2015,46.287785,21.16428,21.586958,17.169262,0.2,0.20%,33.77%,3.68%,8.89%,-4.18%,26.72%,-3.37%,1.84%,-11.23%,0.338,0.037,0.089,-0.042,0.287,-0.014,0.038,-0.093
01-02-2015,42.43354,22.412233,23.110744,16.508905,0.22,0.22%,19.24%,4.12%,12.79%,-17.45%,12.19%,-2.93%,5.74%,-24.50%,0.192,0.041,0.128,-0.174,0.141,-0.01,0.077,-0.225
01-03-2015,41.808216,22.806995,22.576084,14.509992,0.25,0.25%,15.20%,4.71%,8.01%,-20.91%,8.15%,-2.34%,0.96%,-27.96%,0.152,0.047,0.08,-0.209,0.101,-0.004,0.029,-0.26
01-04-2015,42.269024,22.504612,23.130951,15.777161,0.23,0.23%,9.65%,5.35%,9.58%,-16.33%,2.60%,-1.70%,2.53%,-23.38%,0.097,0.054,0.096,-0.163,0.046,0.003,0.045,-0.214
01-05-2015,41.837952,22.81028,23.379238,15.455906,0.24,0.24%,9.47%,5.91%,8.41%,-12.83%,2.42%,-1.14%,1.36%,-19.88%,0.095,0.059,0.084,-0.128,0.044,0.008,0.033,-0.179
01-06-2015,39.747177,22.759335,22.896084,14.402905,0.28,0.28%,-1.46%,1.30%,3.77%,-31.26%,-8.51%,-5.75%,-3.28%,-38.31%,-0.015,0.013,0.038,-0.313,-0.065,-0.038,-0.013,-0.364
01-07-2015,42.448517,21.984554,22.939362,11.904262,0.3,0.30%,12.89%,3.72%,4.32%,-41.57%,5.84%,-3.33%,-2.73%,-48.62%,0.129,0.037,0.043,-0.416,0.078,-0.014,-0.008,-0.467
01-08-2015,40.737675,21.096996,21.543989,12.359372,0.38,0.38%,4.89%,-5.95%,-5.04%,-40.79%,-2.16%,-13.00%,-12.09%,-47.84%,0.049,-0.06,-0.05,-0.408,-0.002,-0.11,-0.101,-0.459
01-09-2015,43.069061,20.062588,20.735081,12.011344,0.37,0.37%,12.94%,-3.69%,-5.85%,-29.20%,5.89%,-10.74%,-12.90%,-36.25%,0.129,-0.037,-0.058,-0.292,0.078,-0.088,-0.109,-0.343
01-10-2015,42.909996,21.209442,22.547768,12.921565,0.26,0.26%,0.70%,-2.84%,1.14%,-7.24%,-6.35%,-9.89%,-5.91%,-14.29%,0.007,-0.028,0.011,-0.072,-0.044,-0.079,-0.039,-0.123
01-11-2015,42.425228,21.882656,22.629091,11.859642,0.48,0.48%,0.93%,0.52%,0.35%,-18.91%,-6.12%,-6.53%,-6.70%,-25.96%,0.009,0.005,0.003,-0.189,-0.042,-0.046,-0.047,-0.24
01-12-2015,44.578999,19.548845,20.887346,12.047039,0.65,0.65%,-0.38%,-8.27%,-6.97%,-17.88%,-7.43%,-15.32%,-14.02%,-24.93%,-0.004,-0.083,-0.07,-0.179,-0.055,-0.134,-0.121,-0.23
01-01-2016,46.644623,19.060572,20.439657,12.484304,0.54,0.54%,0.77%,-9.94%,-5.31%,-27.29%,-6.28%,-16.99%,-12.36%,-34.34%,0.008,-0.099,-0.053,-0.273,-0.043,-0.15,-0.104,-0.324
01-02-2016,47.24136,19.282835,20.475235,16.169807,0.53,0.53%,11.33%,-13.96%,-11.40%,-2.05%,4.28%,-21.01%,-18.45%,-9.10%,0.113,-0.14,-0.114,-0.021,0.062,-0.191,-0.165,-0.071
01-03-2016,51.255562,20.926216,21.834558,16.990789,0.66,0.66%,22.60%,-8.25%,-3.28%,17.10%,15.55%,-15.30%,-10.33%,10.05%,0.226,-0.082,-0.033,0.171,0.175,-0.133,-0.084,0.12
01-04-2016,49.016991,21.351606,22.557085,20.783377,0.56,0.56%,15.96%,-5.12%,-2.48%,31.73%,8.91%,-12.17%,-9.53%,24.68%,0.16,-0.051,-0.025,0.317,0.109,-0.102,-0.076,0.266
01-05-2016,49.966461,21.452856,22.857752,18.677023,0.59,0.59%,19.43%,-5.95%,-2.23%,20.84%,12.38%,-13.00%,-9.28%,13.79%,0.194,-0.06,-0.022,0.208,0.143,-0.11,-0.073,0.158
01-06-2016,54.57304,21.149086,22.714579,23.028072,0.55,0.55%,37.30%,-7.08%,-0.79%,59.88%,30.25%,-14.13%,-7.84%,52.83%,0.373,-0.071,-0.008,0.599,0.322,-0.122,-0.059,0.548
01-07-2016,53.957939,22.23415,23.620731,25.059166,0.51,0.51%,27.11%,1.14%,2.97%,110.51%,20.06%,-5.91%,-4.08%,103.46%,0.271,0.011,0.03,1.105,0.22,-0.04,-0.021,1.054
01-08-2016,50.275097,22.619946,23.894218,21.43931,0.57,0.57%,23.41%,7.22%,10.91%,73.47%,16.36%,0.17%,3.86%,66.42%,0.234,0.072,0.109,0.735,0.183,0.021,0.058,0.684
01-09-2016,50.410858,22.883923,23.894218,22.152447,0.59,0.59%,17.05%,14.06%,15.24%,84.43%,10.00%,7.01%,8.19%,77.38%,0.17,0.141,0.152,0.844,0.12,0.09,0.101,0.793
01-10-2016,50.905468,22.175037,23.595943,20.5366,0.66,0.66%,18.63%,4.55%,4.65%,58.93%,11.58%,-2.50%,-2.40%,51.88%,0.186,0.046,0.046,0.589,0.135,-0.005,-0.004,0.538
01-11-2016,46.359772,25.472515,25.44717,17.341011,0.74,0.74%,9.27%,16.41%,12.45%,46.22%,2.22%,9.36%,5.40%,39.17%,0.093,0.164,0.125,0.462,0.042,0.113,0.074,0.411
01-12-2016,49.894985,25.316778,25.374857,17.295879,0.87,0.87%,11.92%,29.51%,21.48%,43.57%,4.87%,22.46%,14.43%,36.52%,0.119,0.295,0.215,0.436,0.068,0.244,0.164,0.385
01-01-2017,50.766712,26.209862,26.463669,20.109324,0.83,0.83%,8.84%,37.51%,29.47%,61.08%,1.79%,30.46%,22.42%,54.03%,0.088,0.375,0.295,0.611,0.037,0.324,0.244,0.56
01-02-2017,53.072845,26.294432,27.25906,19.470198,0.82,0.82%,12.34%,36.36%,33.13%,20.41%,5.29%,29.31%,26.08%,13.36%,0.123,0.364,0.331,0.204,0.073,0.313,0.28,0.153
01-03-2017,53.695202,25.984339,26.887384,19.470198,1.01,1.01%,4.76%,24.17%,23.14%,14.59%,-2.29%,17.12%,16.09%,7.54%,0.048,0.242,0.231,0.146,-0.003,0.191,0.181,0.095
01-04-2017,54.255108,26.115627,27.184446,18.719919,1.04,1.04%,10.69%,22.31%,20.51%,-9.93%,3.64%,15.26%,13.46%,-16.98%,0.107,0.223,0.205,-0.099,0.056,0.172,0.154,-0.15
01-05-2017,57.414581,25.199039,27.154579,18.8701,1.12,1.12%,14.91%,17.46%,18.80%,1.03%,7.86%,10.41%,11.75%,-6.02%,0.149,0.175,0.188,0.01,0.098,0.124,0.137,-0.041
01-06-2017,56.050297,25.798347,27.475624,18.795849,1.2,1.20%,2.71%,21.98%,20.96%,-18.38%,-4.34%,14.93%,13.91%,-25.43%,0.027,0.22,0.21,-0.184,-0.024,0.169,0.159,-0.235
01-07-2017,56.913612,26.04891,28.067171,19.194971,1.22,1.22%,5.48%,17.16%,18.82%,-23.40%,-1.57%,10.11%,11.77%,-30.45%,0.055,0.172,0.188,-0.234,0.004,0.121,0.137,-0.285
01-08-2017,59.406715,25.384796,27.804657,20.568689,1.23,1.23%,18.16%,12.22%,16.37%,-4.06%,11.11%,5.17%,9.32%,-11.11%,0.182,0.122,0.164,-0.041,0.131,0.071,0.113,-0.092
01-09-2017,57.143829,27.341822,28.719727,19.259943,1.28,1.28%,13.36%,19.48%,20.20%,-13.06%,6.31%,12.43%,13.15%,-20.11%,0.134,0.195,0.202,-0.131,0.083,0.144,0.151,-0.181
01-10-2017,60.536335,27.656879,29.289873,18.610209,1.4,1.40%,18.92%,24.72%,24.13%,-9.38%,11.87%,17.67%,17.08%,-16.43%,0.189,0.247,0.241,-0.094,0.138,0.196,0.19,-0.145
01-11-2017,63.155964,28.244423,30.330563,18.303905,1.56,1.56%,36.23%,10.88%,19.19%,5.55%,29.18%,3.83%,12.14%,-1.50%,0.362,0.109,0.192,0.056,0.311,0.058,0.141,0.005
01-12-2017,60.348408,26.842813,29.501022,19.278509,1.7,1.70%,20.95%,6.03%,16.26%,11.46%,13.90%,-1.02%,9.21%,4.41%,0.21,0.06,0.163,0.115,0.159,0.009,0.112,0.064
01-01-2018,56.419224,28.702133,32.642433,19.445583,1.8,1.80%,11.13%,9.51%,23.35%,-3.30%,4.08%,2.46%,16.30%,-10.35%,0.111,0.095,0.233,-0.033,0.06,0.044,0.183,-0.084
01-02-2018,53.794315,27.359854,31.023405,17.431408,1.96,1.96%,1.36%,4.05%,13.81%,-10.47%,-5.69%,-3.00%,6.76%,-17.52%,0.014,0.041,0.138,-0.105,-0.037,-0.01,0.087,-0.156
01-03-2018,56.809868,27.613403,30.182156,17.663456,2.06,2.06%,5.80%,6.27%,12.25%,-9.28%,-1.25%,-0.78%,5.20%,-16.33%,0.058,0.063,0.123,-0.093,0.007,0.012,0.072,-0.144
01-04-2018,57.96114,27.979561,30.364902,17.867659,2.15,2.15%,6.83%,7.14%,11.70%,-4.55%,-0.22%,0.09%,4.65%,-11.60%,0.068,0.071,0.117,-0.046,0.017,0.02,0.066,-0.096
01-05-2018,56.279793,29.739473,30.643913,17.867659,2.27,2.27%,-1.98%,18.02%,12.85%,-5.31%,-9.03%,10.97%,5.80%,-12.36%,-0.02,0.18,0.128,-0.053,-0.071,0.129,0.078,-0.104
01-06-2018,57.890247,29.694733,30.27721,17.709866,2.33,2.33%,3.28%,15.10%,10.20%,-5.78%,-3.77%,8.05%,3.15%,-12.83%,0.033,0.151,0.102,-0.058,-0.018,0.1,0.051,-0.109
01-07-2018,59.470188,30.236288,31.687061,17.115828,2.39,2.39%,4.49%,16.08%,12.90%,-10.83%,-2.56%,9.03%,5.85%,-17.88%,0.045,0.161,0.129,-0.108,-0.006,0.11,0.078,-0.159
01-08-2018,59.963413,31.095695,32.143738,15.008833,2.45,2.45%,0.94%,22.50%,15.61%,-27.03%,-6.11%,15.45%,8.56%,-34.08%,0.009,0.225,0.156,-0.27,-0.042,0.174,0.105,-0.321
01-09-2018,59.775345,30.019562,32.007542,14.934576,2.56,2.56%,4.61%,9.79%,11.45%,-22.46%,-2.44%,2.74%,4.40%,-29.51%,0.046,0.098,0.114,-0.225,-0.005,0.047,0.064,-0.275
01-10-2018,61.866787,27.270582,30.120844,15.120216,2.65,2.65%,2.20%,-1.40%,2.84%,-18.75%,-4.85%,-8.45%,-4.21%,-25.80%,0.022,-0.014,0.028,-0.188,-0.029,-0.065,-0.023,-0.238
01-11-2018,65.560593,27.517883,30.821314,15.073806,2.7,2.70%,3.81%,-2.57%,1.62%,-17.65%,-3.24%,-9.62%,-5.43%,-24.70%,0.038,-0.026,0.016,-0.176,-0.013,-0.077,-0.035,-0.227
01-12-2018,63.597752,22.481936,25.877672,16.772392,2.66,2.66%,5.38%,-16.25%,-12.28%,-13.00%,-1.67%,-23.30%,-19.33%,-20.05%,0.054,-0.162,-0.123,-0.13,0.003,-0.213,-0.174,-0.181
01-01-2019,67.324791,26.877829,29.792406,17.839813,2.58,2.58%,19.33%,-6.36%,-8.73%,-8.26%,12.28%,-13.41%,-15.78%,-15.31%,0.193,-0.064,-0.087,-0.083,0.142,-0.114,-0.138,-0.133
01-02-2019,69.052155,27.757769,30.534658,17.700583,2.55,2.55%,28.36%,1.45%,-1.58%,1.54%,21.31%,-5.60%,-8.63%,-5.51%,0.284,0.015,-0.016,0.015,0.233,-0.036,-0.067,-0.035
01-03-2019,71.872475,26.701853,30.227524,17.802685,2.49,2.49%,26.51%,-3.30%,0.15%,0.79%,19.46%,-10.35%,-6.90%,-6.26%,0.265,-0.033,0.002,0.008,0.214,-0.084,-0.049,-0.043
01-04-2019,73.417206,27.823629,31.427746,16.633165,2.42,2.42%,26.67%,-0.56%,3.50%,-6.91%,19.62%,-7.61%,-3.55%,-13.96%,0.267,-0.006,0.035,-0.069,0.216,-0.056,-0.016,-0.12
01-05-2019,73.906364,24.619064,28.992416,17.329309,2.34,2.34%,31.32%,-17.22%,-5.39%,-3.01%,24.27%,-24.27%,-12.44%,-10.06%,0.313,-0.172,-0.054,-0.03,0.262,-0.223,-0.105,-0.081
01-06-2019,76.137581,26.445667,31.144772,20.123161,2,2.00%,31.52%,-10.94%,2.87%,13.63%,24.47%,-17.99%,-4.18%,6.58%,0.315,-0.109,0.029,0.136,0.264,-0.16,-0.022,0.085
01-07-2019,75.964554,26.637051,31.649338,20.698635,1.96,1.96%,27.74%,-11.90%,-0.12%,20.93%,20.69%,-18.95%,-7.17%,13.88%,0.277,-0.119,-0.001,0.209,0.226,-0.17,-0.052,0.158
01-08-2019,78.853996,24.507053,30.347143,22.879885,1.77,1.77%,31.50%,-21.19%,-5.59%,52.44%,24.45%,-28.24%,-12.64%,45.39%,0.315,-0.212,-0.056,0.524,0.264,-0.263,-0.107,0.474
01-09-2019,81.661034,25.881508,31.356121,20.624382,1.8,1.80%,36.61%,-13.78%,-2.04%,38.10%,29.56%,-20.83%,-9.09%,31.05%,0.366,-0.138,-0.02,0.381,0.315,-0.189,-0.071,0.33
01-10-2019,82.271172,26.442348,32.210842,21.227707,1.61,1.61%,32.98%,-3.04%,6.94%,40.39%,25.93%,-10.09%,-0.11%,33.34%,0.33,-0.03,0.069,0.404,0.279,-0.081,0.018,0.353
01-11-2019,79.621468,27.281017,33.468735,20.466589,1.57,1.57%,21.45%,-0.86%,8.59%,35.78%,14.40%,-7.91%,1.54%,28.73%,0.214,-0.009,0.086,0.358,0.164,-0.06,0.035,0.307
01-12-2019,83.007477,27.772934,33.555481,22.629271,1.55,1.55%,30.52%,23.53%,29.67%,34.92%,23.47%,16.48%,22.62%,27.87%,0.305,0.235,0.297,0.349,0.254,0.184,0.246,0.298
01-01-2020,91.535698,26.404089,32.987133,22.791698,1.53,1.53%,35.96%,-1.76%,10.72%,27.76%,28.91%,-8.81%,3.67%,20.71%,0.36,-0.018,0.107,0.278,0.309,-0.069,0.056,0.227
01-02-2020,78.396423,23.55538,29.500757,20.815487,1.41,1.41%,13.53%,-15.14%,-3.39%,17.60%,6.48%,-22.19%,-10.44%,10.55%,0.135,-0.151,-0.034,0.176,0.084,-0.202,-0.085,0.125
01-03-2020,70.730087,17.240463,23.381823,18.391825,0.33,0.33%,-1.59%,-35.43%,-22.65%,3.31%,-8.64%,-42.48%,-29.70%,-3.74%,-0.016,-0.354,-0.226,0.033,-0.067,-0.405,-0.277,-0.018
01-04-2020,73.498085,20.024773,26.643908,25.364502,0.18,0.18%,0.11%,-28.03%,-15.22%,52.49%,-6.94%,-35.08%,-22.27%,45.44%,0.001,-0.28,-0.152,0.525,-0.05,-0.331,-0.203,0.474
01-05-2020,75.39061,20.594551,27.665573,26.853037,0.16,0.16%,2.01%,-16.35%,-4.58%,54.96%,-5.04%,-23.40%,-11.63%,47.91%,0.02,-0.163,-0.046,0.55,-0.031,-0.214,-0.097,0.499
01-06-2020,71.060493,21.090004,27.253321,28.609426,0.18,0.18%,-6.67%,-20.25%,-12.49%,42.17%,-13.72%,-27.30%,-19.54%,35.12%,-0.067,-0.203,-0.125,0.422,-0.118,-0.253,-0.176,0.371
01-07-2020,77.520546,21.821211,28.298891,33.061451,0.15,0.15%,2.05%,-18.08%,-10.59%,59.73%,-5.00%,-25.13%,-17.64%,52.68%,0.02,-0.181,-0.106,0.597,-0.03,-0.232,-0.157,0.546
01-08-2020,70.337753,23.038103,29.552805,32.70454,0.13,0.13%,-10.80%,-5.99%,-2.62%,42.94%,-17.85%,-13.04%,-9.67%,35.89%,-0.108,-0.06,-0.026,0.429,-0.159,-0.111,-0.077,0.379
01-09-2020,73.528244,21.771544,28.686794,30.487917,0.13,0.13%,-9.96%,-15.88%,-8.51%,47.82%,-17.01%,-22.93%,-15.56%,40.77%,-0.1,-0.159,-0.085,0.478,-0.15,-0.21,-0.136,0.427
01-10-2020,80.905357,22.718864,28.494144,29.417177,0.13,0.13%,-1.66%,-14.08%,-11.54%,38.58%,-8.71%,-21.13%,-18.59%,31.53%,-0.017,-0.141,-0.115,0.386,-0.068,-0.192,-0.166,0.335
01-11-2020,76.371132,26.782335,32.995132,27.303875,0.12,0.12%,-4.08%,-1.83%,-1.42%,33.41%,-11.13%,-8.88%,-8.47%,26.36%,-0.041,-0.018,-0.014,0.334,-0.092,-0.069,-0.065,0.283
01-12-2020,75.528412,28.610481,34.056847,27.726536,0.1,0.10%,-9.01%,3.02%,1.49%,22.53%,-16.06%,-4.03%,-5.56%,15.48%,-0.09,0.03,0.015,0.225,-0.141,-0.021,-0.036,0.174
01-01-2021,73.38784,30.615753,34.300545,27.388788,0.1,0.10%,-19.83%,15.95%,3.98%,20.17%,-26.88%,8.90%,-3.07%,13.12%,-0.198,0.16,0.04,0.202,-0.249,0.109,-0.011,0.151
01-02-2021,67.891235,34.337467,36.943253,24.342335,0.07,0.07%,-13.40%,45.77%,25.23%,16.94%,-20.45%,38.72%,18.18%,9.89%,-0.134,0.458,0.252,0.169,-0.185,0.407,0.201,0.119
01-03-2021,77.533989,36.602501,39.084755,25.269941,0.08,0.08%,9.62%,112.31%,67.16%,37.40%,2.57%,105.26%,60.11%,30.35%,0.096,1.123,0.672,0.374,0.045,1.072,0.621,0.323
01-04-2021,81.204712,37.510414,40.735168,27.154446,0.06,0.06%,10.49%,87.32%,52.89%,7.06%,3.44%,80.27%,45.84%,0.01%,0.105,0.873,0.529,0.071,0.054,0.822,0.478,0.02
01-05-2021,78.724007,39.239975,42.098194,31.25544,0.05,0.05%,4.42%,90.54%,52.17%,16.39%,-2.63%,83.49%,45.12%,9.34%,0.044,0.905,0.522,0.164,-0.007,0.854,0.471,0.113
01-06-2021,78.089058,38.050381,41.110226,27.466904,0.07,0.07%,9.89%,80.42%,50.84%,-3.99%,2.84%,73.37%,43.79%,-11.04%,0.099,0.804,0.508,-0.04,0.048,0.753,0.458,-0.091
01-07-2021,81.347771,37.349838,41.190918,28.238281,0.08,0.08%,4.94%,71.16%,45.56%,-14.59%,-2.11%,64.11%,38.51%,-21.64%,0.049,0.712,0.456,-0.146,-0.002,0.661,0.405,-0.197
01-08-2021,82.686333,38.170246,42.081982,26.441654,0.07,0.07%,17.56%,65.68%,42.40%,-19.15%,10.51%,58.63%,35.35%,-26.20%,0.176,0.657,0.424,-0.191,0.125,0.606,0.373,-0.242
01-09-2021,75.567039,37.738903,40.492764,23.815063,0.08,0.08%,2.77%,73.34%,41.15%,-21.89%,-4.28%,66.29%,34.10%,-28.94%,0.028,0.733,0.412,-0.219,-0.023,0.683,0.361,-0.27
01-10-2021,78.852974,39.303978,42.364182,25.455462,0.11,0.11%,-2.54%,73.00%,48.68%,-13.47%,-9.59%,65.95%,41.63%,-20.52%,-0.025,0.73,0.487,-0.135,-0.076,0.679,0.436,-0.186
01-11-2021,75.446045,38.39624,41.26609,25.240648,0.18,0.18%,-1.21%,43.36%,25.07%,-7.56%,-8.26%,36.31%,18.02%,-14.61%,-0.012,0.434,0.251,-0.076,-0.063,0.383,0.2,-0.126
01-12-2021,83.595596,36.877701,42.502594,25.387114,0.3,0.30%,10.68%,28.90%,24.80%,-8.44%,3.63%,21.85%,17.75%,-15.49%,0.107,0.289,0.248,-0.084,0.056,0.238,0.197,-0.135
01-01-2022,84.939217,39.403049,43.070072,24.066828,0.55,0.55%,15.74%,28.70%,25.57%,-12.13%,8.69%,21.65%,18.52%,-19.18%,0.157,0.287,0.256,-0.121,0.107,0.236,0.205,-0.172
01-02-2022,85.174118,40.205864,42.851295,26.946112,1,1.00%,25.46%,17.09%,15.99%,10.70%,18.41%,10.04%,8.94%,3.65%,0.255,0.171,0.16,0.107,0.204,0.12,0.109,0.056
01-03-2022,94.560898,40.485909,43.46957,29.964394,1.34,1.34%,21.96%,10.61%,11.22%,18.58%,14.91%,3.56%,4.17%,11.53%,0.22,0.106,0.112,0.186,0.169,0.055,0.061,0.135
01-04-2022,93.935364,38.21867,41.144001,27.144682,1.89,1.89%,15.68%,1.89%,1.00%,-0.04%,8.63%,-5.16%,-6.05%,-7.09%,0.157,0.019,0.01,0,0.106,-0.032,-0.041,-0.051
01-05-2022,96.702911,39.714508,42.949482,24.768732,2.06,2.06%,22.84%,1.21%,2.02%,-20.75%,15.79%,-5.84%,-5.03%,-27.80%,0.228,0.012,0.02,-0.208,0.177,-0.039,-0.031,-0.258
01-06-2022,91.648254,35.320477,38.144417,21.284386,2.65,2.65%,17.36%,-7.17%,-7.21%,-22.51%,10.31%,-14.22%,-14.26%,-29.56%,0.174,-0.072,-0.072,-0.225,0.123,-0.123,-0.123,-0.276
01-07-2022,94.151039,38.942249,40.772015,20.318724,3.02,3.02%,15.74%,4.26%,-1.02%,-28.05%,8.69%,-2.79%,-8.07%,-35.10%,0.157,0.043,-0.01,-0.28,0.106,-0.008,-0.061,-0.331
01-08-2022,95.71769,38.098331,39.619179,18.666147,3.28,3.28%,15.76%,-0.19%,-5.85%,-29.41%,8.71%,-7.24%,-12.90%,-36.46%,0.158,-0.002,-0.059,-0.294,0.107,-0.053,-0.109,-0.345
01-09-2022,83.231453,34.356949,35.968525,18.63628,3.89,3.89%,10.14%,-8.96%,-11.17%,-21.75%,3.09%,-16.01%,-18.22%,-28.80%,0.101,-0.09,-0.112,-0.217,0.051,-0.141,-0.163,-0.268
01-10-2022,84.646729,39.563213,40.867973,18.656193,4.43,4.43%,7.35%,0.66%,-3.53%,-26.71%,0.30%,-6.39%,-10.58%,-33.76%,0.073,0.007,-0.035,-0.267,0.023,-0.044,-0.086,-0.318
01-11-2022,93.196129,41.587997,43.265148,22.090763,4.73,4.73%,23.53%,8.31%,4.84%,-12.48%,16.48%,1.26%,-2.21%,-19.53%,0.235,0.083,0.048,-0.125,0.184,0.032,-0.002,-0.176
01-12-2022,92.273109,37.00164,40.114025,22.339645,4.68,4.68%,10.38%,0.34%,-5.62%,-12.00%,3.33%,-6.71%,-12.67%,-19.05%,0.104,0.003,-0.056,-0.12,0.053,-0.048,-0.107,-0.171
01-01-2023,91.311028,42.509148,43.804382,24.878241,4.69,4.69%,7.50%,7.88%,1.70%,3.37%,0.45%,0.83%,-5.35%,-3.68%,0.075,0.079,0.017,0.034,0.024,0.028,-0.034,-0.017
01-02-2023,85.489899,42.110748,42.253086,21.782148,4.93,4.93%,0.37%,4.74%,-1.40%,-19.16%,-6.68%,-2.31%,-8.45%,-26.21%,0.004,0.047,-0.014,-0.192,-0.047,-0.004,-0.065,-0.243
01-03-2023,89.244331,38.953438,41.228825,24.928019,4.68,4.68%,-5.62%,-3.79%,-5.15%,-16.81%,-12.67%,-10.84%,-12.20%,-23.86%,-0.056,-0.038,-0.052,-0.168,-0.107,-0.089,-0.102,-0.219
01-04-2023,90.646889,38.389999,41.919998,25.296362,4.68,4.68%,-3.50%,0.45%,1.89%,-6.81%,-10.55%,-6.60%,-5.16%,-13.86%,-0.035,0.004,0.019,-0.068,-0.086,-0.046,-0.032,-0.119
01-05-2023,81.525322,37.029999,39.93,23.01,4.91,4.91%,-15.70%,-6.76%,-7.03%,-7.10%,-22.75%,-13.81%,-14.08%,-14.15%,-0.157,-0.068,-0.07,-0.071,-0.208,-0.118,-0.121,-0.122
01-06-2023,83.335281,40.689999,42.540001,22.34,5.24,5.24%,-9.07%,15.20%,11.52%,4.96%,-16.12%,8.15%,4.47%,-2.09%,-0.091,0.152,0.115,0.05,-0.142,0.101,0.064,-0.001
01-07-2023,83.869736,43.470001,44.369999,23.27,5.37,5.37%,-10.92%,11.63%,8.82%,14.52%,-17.97%,4.58%,1.77%,7.47%,-0.109,0.116,0.088,0.145,-0.16,0.065,0.037,0.094
01-08-2023,77.594849,42.139999,43.16,21.940001,5.37,5.37%,-18.93%,10.61%,8.94%,17.54%,-25.98%,3.56%,1.89%,10.49%,-0.189,0.106,0.089,0.175,-0.24,0.055,0.038,0.124
01-09-2023,75.220001,40.18,41.720001,19.92,5.44,5.44%,-9.63%,16.95%,15.99%,6.89%,-16.68%,9.90%,8.94%,-0.16%,-0.096,0.169,0.16,0.069,-0.147,0.119,0.109,0.018
